frame,type,left,reference,left_label,reference_label,iou
adasind_258420.jpg,mismatching_label,2,8,Car,ThreeWheeler,0.971
adasind_258420.jpg,mismatching_label,1,4,Car,ThreeWheeler,0.919
adasind_258420.jpg,mismatching_label,7,1,Car,ThreeWheeler,0.871
adasind_258420.jpg,mismatching_attributes,5,6,Pedestrian,Pedestrian,0.806
adasind_258420.jpg,extra_annotation,3,,Car,,N/A
adasind_258420.jpg,extra_annotation,9,,Bike,,N/A
adasind_258420.jpg,extra_annotation,10,,Car,,N/A
adasind_258420.jpg,missing_annotation,,5,,Car,N/A
adasind_270517.jpg,mismatching_label,2,4,Car,ThreeWheeler,0.885
adasind_270517.jpg,mismatching_label,8,2,Car,ThreeWheeler,0.761
adasind_270517.jpg,mismatching_attributes,6,3,Bike,Bike,0.713
adasind_270517.jpg,mismatching_attributes,4,5,Car,Car,0.710
adasind_310008.jpg,mismatching_label,4,1,Car,ThreeWheeler,0.908
adasind_310008.jpg,mismatching_attributes,1,2,Pedestrian,Pedestrian,0.858
adasind_310008.jpg,mismatching_attributes,5,3,Pedestrian,Pedestrian,0.806
adasind_310008.jpg,mismatching_attributes,2,4,Pedestrian,Pedestrian,0.635
adasind_310008.jpg,mismatching_attributes,3,5,Pedestrian,Pedestrian,0.600
