round,slice,frame,object_ref,cell,what,why,severity,owner,rule_id,evidence,action,rules_version,note
calib,C0,adasind_019560.jpg,R1,na,MISSING,,,,,,,,
calib,C0,adasind_019560.jpg,R2,na,MISSING,,,,,,,,
calib,C0,adasind_019560.jpg,R3,na,MISSING,,,,,,,,
calib,C0,adasind_019560.jpg,R4,na,MISSING,,,,,,,,
calib,C0,adasind_019560.jpg,R5,na,MISSING,,,,,,,,
calib,C0,adasind_019560.jpg,R6,na,MISSING,,,,,,,,
r1_craft,B4-dense,adasind_258420.jpg,R2,na,MISSING,,,,,,,,
r1_craft,B4-dense,adasind_258420.jpg,R3,na,MISSING,,,,,,,,
r1_craft,B4-dense,adasind_258420.jpg,R7,na,MISSING,,,,,,,,
r1_craft,B4-dense,adasind_258420.jpg,R8,na,MISSING,,,,,,,,
r1_craft,B4-dense,adasind_270517.jpg,R1,na,MISSING,,,,,,,,
r1_craft,B4-dense,adasind_270517.jpg,R2,na,MISSING,,,,,,,,
r1_craft,B4-dense,adasind_270517.jpg,R3,na,MISSING,,,,,,,,
r1_craft,B4-dense,adasind_270517.jpg,R4,na,MISSING,,,,,,,,
r1_craft,B4-dense,adasind_270517.jpg,R5,na,MISSING,,,,,,,,
r1_craft,B4-dense,adasind_270517.jpg,R6,na,MISSING,,,,,,,,
r1_craft,B4-dense,adasind_270517.jpg,R7,na,MISSING,,,,,,,,
r1_craft,B4-dense,adasind_310008.jpg,R1,na,MISSING,,,,,,,,
r1_craft,B4-dense,adasind_310008.jpg,R2,na,MISSING,,,,,,,,
r1_craft,B4-dense,adasind_310008.jpg,R3,na,MISSING,,,,,,,,
r1_craft,B4-dense,adasind_310008.jpg,R4,na,MISSING,,,,,,,,
r1_craft,B4-dense,adasind_310008.jpg,R5,na,MISSING,,,,,,,,
r3_diag,B4-dense,adasind_258420.jpg,L1+R1,LR_noM,MISSING,E1_annotator_error,P1,annotator,,,rework,,
r3_diag,B4-dense,adasind_258420.jpg,L2+R4,LR_noM,MISSING,E1_annotator_error,P1,annotator,,,rework,,
r3_diag,B4-dense,adasind_258420.jpg,L3+R5,LR_noM,MISSING,E1_annotator_error,P1,annotator,,,rework,,
r3_diag,B4-dense,adasind_258420.jpg,R2+M9,RM_noL,MISSING,E1_annotator_error,P1,annotator,,,rework,,
r3_diag,B4-dense,adasind_258420.jpg,R3,R_only,MISSING,E1_annotator_error,P1,annotator,,,rework,,
r3_diag,B4-dense,adasind_258420.jpg,R7+M12,RM_noL,MISSING,E1_annotator_error,P1,annotator,,,rework,,
r3_diag,B4-dense,adasind_258420.jpg,R8,R_only,MISSING,E1_annotator_error,P1,annotator,,,rework,,
r3_diag,B4-dense,adasind_258420.jpg,M3,M_only,SPURIOUS,E1_annotator_error,P1,annotator,,,rework,,
r3_diag,B4-dense,adasind_258420.jpg,M4,M_only,SPURIOUS,E1_annotator_error,P1,annotator,,,rework,,
r3_diag,B4-dense,adasind_258420.jpg,M5,M_only,SPURIOUS,E1_annotator_error,P1,annotator,,,rework,,
r3_diag,B4-dense,adasind_258420.jpg,M6,M_only,SPURIOUS,E1_annotator_error,P1,annotator,,,rework,,
r3_diag,B4-dense,adasind_258420.jpg,M7,M_only,SPURIOUS,E1_annotator_error,P1,annotator,,,rework,,
r3_diag,B4-dense,adasind_258420.jpg,M8,M_only,SPURIOUS,E1_annotator_error,P1,annotator,,,rework,,
r3_diag,B4-dense,adasind_258420.jpg,M10,M_only,SPURIOUS,E1_annotator_error,P1,annotator,,,rework,,
r3_diag,B4-dense,adasind_258420.jpg,M11,M_only,SPURIOUS,E1_annotator_error,P1,annotator,,,rework,,
r3_diag,B4-dense,adasind_270517.jpg,R1+M4,RM_noL,MISSING,E1_annotator_error,P1,annotator,,,rework,,
r3_diag,B4-dense,adasind_270517.jpg,R2,R_only,MISSING,E1_annotator_error,P1,annotator,,,rework,,
r3_diag,B4-dense,adasind_270517.jpg,R3+M2,RM_noL,MISSING,E1_annotator_error,P1,annotator,,,rework,,
r3_diag,B4-dense,adasind_270517.jpg,R4,R_only,MISSING,E1_annotator_error,P1,annotator,,,rework,,
r3_diag,B4-dense,adasind_270517.jpg,R5+M3,RM_noL,MISSING,E1_annotator_error,P1,annotator,,,rework,,
r3_diag,B4-dense,adasind_270517.jpg,R6+M1,RM_noL,MISSING,E1_annotator_error,P1,annotator,,,rework,,
r3_diag,B4-dense,adasind_270517.jpg,R7+M8,RM_noL,MISSING,E1_annotator_error,P1,annotator,,,rework,,
r3_diag,B4-dense,adasind_270517.jpg,M5,M_only,SPURIOUS,E1_annotator_error,P1,annotator,,,rework,,
r3_diag,B4-dense,adasind_270517.jpg,M6,M_only,SPURIOUS,E1_annotator_error,P1,annotator,,,rework,,
r3_diag,B4-dense,adasind_270517.jpg,M7,M_only,SPURIOUS,E1_annotator_error,P1,annotator,,,rework,,
r3_diag,B4-dense,adasind_270517.jpg,M9,M_only,SPURIOUS,E1_annotator_error,P1,annotator,,,rework,,
r3_diag,B4-dense,adasind_270517.jpg,M10,M_only,SPURIOUS,E1_annotator_error,P1,annotator,,,rework,,
r3_diag,B4-dense,adasind_270517.jpg,M11,M_only,SPURIOUS,E1_annotator_error,P1,annotator,,,rework,,
r3_diag,B4-dense,adasind_310008.jpg,R1,R_only,MISSING,E1_annotator_error,P1,annotator,,,rework,,
r3_diag,B4-dense,adasind_310008.jpg,R2+M3,RM_noL,MISSING,E1_annotator_error,P1,annotator,,,rework,,
r3_diag,B4-dense,adasind_310008.jpg,R3+M1,RM_noL,MISSING,E1_annotator_error,P1,annotator,,,rework,,
r3_diag,B4-dense,adasind_310008.jpg,R4+M4,RM_noL,MISSING,E1_annotator_error,P1,annotator,,,rework,,
r3_diag,B4-dense,adasind_310008.jpg,R5+M2,RM_noL,MISSING,E1_annotator_error,P1,annotator,,,rework,,
r3_diag,B4-dense,adasind_310008.jpg,M6,M_only,SPURIOUS,E1_annotator_error,P1,annotator,,,rework,,
r3_diag,B4-dense,adasind_310008.jpg,M7,M_only,SPURIOUS,E1_annotator_error,P1,annotator,,,rework,,
r1_craft,B4-dense,adasind_258420.jpg,L1+R4,na,WRONG_CLASS,,,,,,,,
r1_craft,B4-dense,adasind_258420.jpg,L2+R8,na,WRONG_CLASS,,,,,,,,
r1_craft,B4-dense,adasind_258420.jpg,L3+R5,na,BOX_GEOMETRY,,,,,,,,
r1_craft,B4-dense,adasind_258420.jpg,L7+R1,na,WRONG_CLASS,,,,,,,,
r1_craft,B4-dense,adasind_258420.jpg,L9,na,SPURIOUS,,,,,,,,
r1_craft,B4-dense,adasind_258420.jpg,L10,na,SPURIOUS,,,,,,,,
r1_craft,B4-dense,adasind_270517.jpg,L5,na,IGNORE_SCOPE,,,,,,,,
r1_craft,B4-dense,adasind_270517.jpg,L6+R3,na,ATTRIBUTE,,,,,,,,
r1_craft,B4-dense,adasind_270517.jpg,L2+R4,na,WRONG_CLASS,,,,,,,,
r1_craft,B4-dense,adasind_270517.jpg,L8+R2,na,WRONG_CLASS,,,,,,,,
r1_craft,B4-dense,adasind_310008.jpg,L4+R1,na,WRONG_CLASS,,,,,,,,
r3_diag,B4-dense,adasind_258420.jpg,L4+R3,LR_noM,MISSING,E1_annotator_error,P1,annotator,,,rework,,
r3_diag,B4-dense,adasind_258420.jpg,L1,L_only,SPURIOUS,E1_annotator_error,P1,annotator,,,rework,,
r3_diag,B4-dense,adasind_258420.jpg,L2+M11,LM_noR,SPURIOUS,E1_annotator_error,P1,annotator,,,rework,,
r3_diag,B4-dense,adasind_258420.jpg,L3+M6,LM_noR,SPURIOUS,E1_annotator_error,P1,annotator,,,rework,,
r3_diag,B4-dense,adasind_258420.jpg,L7,L_only,SPURIOUS,E1_annotator_error,P1,annotator,,,rework,,
r3_diag,B4-dense,adasind_258420.jpg,L9,L_only,SPURIOUS,E1_annotator_error,P1,annotator,,,rework,,
r3_diag,B4-dense,adasind_258420.jpg,L10,L_only,SPURIOUS,E1_annotator_error,P1,annotator,,,rework,,
r3_diag,B4-dense,adasind_258420.jpg,R1,R_only,MISSING,E1_annotator_error,P1,annotator,,,rework,,
r3_diag,B4-dense,adasind_258420.jpg,R4,R_only,MISSING,E1_annotator_error,P1,annotator,,,rework,,
r3_diag,B4-dense,adasind_258420.jpg,R5,R_only,MISSING,E1_annotator_error,P1,annotator,,,rework,,
r3_diag,B4-dense,adasind_270517.jpg,L2+M6,LM_noR,SPURIOUS,E1_annotator_error,P1,annotator,,,rework,,
r3_diag,B4-dense,adasind_270517.jpg,L8+M7,LM_noR,SPURIOUS,E1_annotator_error,P1,annotator,,,rework,,
r3_diag,B4-dense,adasind_310008.jpg,L4,L_only,SPURIOUS,E1_annotator_error,P1,annotator,,,rework,,
r2_qa,B4-dense,adasind_258420.jpg,L1,L_only,WRONG_CLASS,,,,R04,,,,
r2_qa,B4-dense,adasind_258420.jpg,L2,L_only,WRONG_CLASS,,,,R04,,,,
r2_qa,B4-dense,adasind_258420.jpg,L7,L_only,WRONG_CLASS,,,,R04,,,,
r2_qa,B4-dense,adasind_270517.jpg,L2,L_only,WRONG_CLASS,,,,R04,,,,
r2_qa,B4-dense,adasind_270517.jpg,L8,L_only,WRONG_CLASS,,,,R04,,,,
